ID,本の名前,筆者,出版社,価格,発行年,概要説明
001,ネットワークセキュリティ入門,山田太郎,技術書典,4500,2021,ネットワークセキュリティの基本原則と実践的な手法に焦点を当てた入門書。
002,ビジネスデータ分析の基礎,田中花子,ビジネスブックス,3800,2020,ビジネスにおけるデータ分析の基本的な手法とツールの使い方を解説。
003,クラウドアーキテクチャデザイン,鈴木次郎,技術出版株式会社,5500,2022,クラウドネイティブなアプリケーションのアーキテクチャデザインとベストプラクティスを詳細に解説。
004,金融取引のアルゴリズム,林美香,データ出版社,5200,2019,金融市場におけるアルゴリズムトレーディングの基本原則と実践手法に焦点を当てた実践的なガイド。
005,人事マネジメントの実践,佐藤健太,ビジネスパートナーズ,4800,2020,組織内の人材マネジメントに関する基本的な原則と実践的な手法を紹介。
006,自然言語処理入門,伊藤さやか,技術書典,4200,2021,自然言語処理の基本概念から、実践的なテキストデータ処理手法までを解説。
007,マーケティング戦略の立案,山口直樹,ビジネスブックス,3600,2018,市場分析、セグメンテーション、ポジショニングなど、マーケティング戦略の構築手法を学ぶ。
008,ディープラーニングアプリケーション,田村徹,技術出版株式会社,6500,2019,ディープラーニングを使用した実践的なアプリケーション開発手法に焦点を当てた実践書。
009,投資ポートフォリオ管理,高橋優一,金融情報出版,3700,2020,効果的な投資ポートフォリオの構築と管理に関する手法を解説。
010,サイバーセキュリティ実践ガイド,中村あや,技術書典,4800,2021,サイバーセキュリティの基本から、脆弱性診断、セキュリティ対策までを詳細に解説。
011,ビジネスリーダーシップの原則,大塚和夫,ビジネスパートナーズ,4200,2020,ビジネスにおけるリーダーシップの基本原則と実践的なリーダーシップスキルの向上を目指す手法を紹介。
012,コンピュータネットワークの基礎,西村さゆり,技術書典,3500,2022,コンピュータネットワークの基本概念から、実践的なネットワーク設計までを解説。
013,ビジネスプロセス最適化,小林太郎,ビジネスブックス,4600,2019,ビジネスプロセスの最適化手法とツールを駆使して企業の効率を向上させる手法を詳細に解説。
014,データウェアハウス設計入門,川上美香,データ出版社,5000,2021,データウェアハウスの基本概念から、実践的な設計手法までを解説。
015,マネジャーのためのコーチング,森田健太,ビジネスパートナーズ,3900,2018,リーダーシップとコーチングの基本原則と実践的なスキル向上のための手法を解説。
016,組み込みシステム開発ガイド,伊藤美和,技術出版株式会社,5500,2019,組み込みシステムの開発手法とデバッグテクニックに焦点を当てた実践的なガイド。
17,ディープラーニング実践入門,岡田淳,技術出版株式会社,4800,2022,ディープラーニングの基本理論から実践的な応用までを解説。
18,ビジネスプロセス改善ガイド,松本美香,ビジネスブックス,3500,2021,効果的なビジネスプロセス改善手法とツールを紹介。
19,Pythonデータサイエンス,田中健太,技術書典,4200,2020,Pythonを使用したデータサイエンスの基本と実践手法を学ぶ。
20,金融工学入門,林美香,データ出版社,5500,2019,金融商品の設計と価格付けに関する基本原則と数学的手法の解説。
21,チームリーダーシップの手引き,佐藤健太,ビジネスパートナーズ,4000,2020,効果的なチームリーダーシップの構築と維持に関するガイド。
22,React.js開発入門,伊藤さやか,技術書典,3800,2022,React.jsを使用したモダンなWebアプリケーションの開発手法を学ぶ。
23,戦略的マーケティング,山口直樹,ビジネスブックス,4500,2018,市場分析と戦略の構築に焦点を当てたマーケティング戦略のガイド。
24,機械学習プロジェクト管理,田村徹,技術出版株式会社,4900,2019,機械学習プロジェクトの計画と実行に関する手法を解説。
25,投資戦略の戦術,高橋優一,金融情報出版,3600,2021,リスク管理と効果的な投資戦略の構築に焦点を当てた投資戦略の戦術を解説。
26,サイバーセキュリティ対策,中村あや,技術書典,4300,2021,サイバーセキュリティの基本概念と対策手法を解説。
27,効果的なプロジェクトマネジメント,大塚和夫,ビジネスパートナーズ,4100,2020,プロジェクトの計画と実行に関する基本原則と実践的な手法を学ぶ。
28,データウェアハウス設計と実践,川上美香,データ出版社,5200,2021,データウェアハウスの設計と実践的なデータ統合手法を解説。
29,マーケットリサーチ入門,森田健太,ビジネスブックス,3700,2018,効果的なマーケットリサーチの実施とデータ分析手法を学ぶ。
30,クラウドセキュリティベストプラクティス,西村さゆり,技術出版株式会社,4700,2019,クラウド環境でのセキュリティのベストプラクティスを解説。
31,データサイエンティストのための統計学,小林太郎,データ書典,4400,2020,データサイエンスにおける統計学の基本と高度な手法までを解説。
32,リーダーシップ開発プログラム,中村美和,ビジネスパートナーズ,3900,2021,リーダーシップスキルの開発とチームビルディングの手法を学ぶ。
33,モバイルアプリケーション開発,高橋健一,技術書典,5000,2019,モバイルアプリケーションの開発手法とデザイン原則に焦点を当てた実践的なガイド。
34,投資ポートフォリオ戦略,田村美香,金融情報出版,4100,2020,リスク管理と効果的なポートフォリオの構築に焦点を当てた投資戦略の構築手法を解説。
35,サイバーセキュリティ実践入門,伊藤健太,技術書典,4600,2021,サイバーセキュリティの基本から、実践的な対策手法までを詳細に解説。
36,量子コンピューティング入門,岡本太郎,技術書典,5800,2022,量子コンピューティングの基礎理論から実践的な応用までを解説。
37,組織開発と変革マネジメント,村田花子,ビジネスブックス,4200,2021,組織の成熟度と変革マネジメントの手法に焦点を当てた実践的なガイド。
38,Javaマイクロサービスアーキテクチャ,佐々木健太,技術出版株式会社,4800,2020,Javaを使用したマイクロサービスアーキテクチャの基本と設計手法を学ぶ。
39,新時代のプロダクトマネジメント,林さやか,ビジネスパートナーズ,5500,2019,デジタルプロダクトのマネジメントにおける新たな手法とアプローチを解説。
40,ネットワークセキュリティ実践ガイド,高橋徹,技術書典,4600,2020,ネットワークセキュリティの実践的な対策手法とセキュアなネットワーク構築手法を学ぶ。
41,スタートアップのための財務戦略,伊東美和,ビジネスブックス,4000,2021,スタートアップ企業の財務戦略と資金調達の手法に焦点を当てたガイド。
42,自然言語処理と機械翻訳,山岸直樹,技術出版株式会社,5300,2018,自然言語処理と機械翻訳の基本原則と応用手法を学ぶ。
43,企業価値の最大化,佐野美香,データ出版社,4900,2019,企業価値の向上と最大化に向けた戦略と実践手法を解説。
44,データサイエンスとビジネス分析,鈴木健一,金融情報出版,3600,2020,データサイエンスとビジネスアナリティクスの基本概念と手法を学ぶ。
45,クラウドセキュリティポリシー,中川美和,技術書典,4400,2021,クラウド環境でのセキュリティポリシーの設計と実践手法に焦点を当てた実践ガイド。
46,リーダーシップ心理学,大西美香,ビジネスパートナーズ,4100,2018,リーダーシップと心理学の関連性と、組織内での実践手法を解説。
47,フロントエンド開発ベストプラクティス,田島健太,技術出版株式会社,4900,2019,モダンなフロントエンド開発のベストプラクティスと設計原則に焦点を当てた実践的なガイド。
48,投資リスク管理戦略,堀田直樹,金融情報出版,4200,2020,効果的な投資リスク管理戦略とポートフォリオの構築手法を解説。
49,セキュアなソフトウェア開発,大久保美和,技術書典,5500,2021,セキュアなソフトウェアの設計と実装に関する基本原則と手法を学ぶ。
50,ビジネスインテリジェンス基礎,小川美香,データ出版社,4700,2020,ビジネスインテリジェンスの基本的な原則とデータ分析手法を解説。
51,デジタルマーケティング入門,石田健太,ビジネスブックス,4000,2022,デジタル時代におけるマーケティング戦略と実践的なデジタル広告手法に焦点を当てた入門書。
52,モバイルセキュリティベストプラクティス,中山さやか,技術書典,4400,2022,モバイルアプリケーションのセキュリティ設計と対策手法を解説。
53,ビジネスプランの作成法,渡辺徹,ビジネスパートナーズ,3800,2019,効果的なビジネスプランの作成と実行に向けた手法を学ぶ。
54,クラウドネイティブアーキテクチャ,吉田太郎,技術出版株式会社,5200,2022,クラウドネイティブなアプリケーションの設計と構築に関する包括的なガイド。
55,組織学習の手法,石井花子,ビジネスブックス,4300,2021,組織が持続的に学習し成長するための手法と実践例を解説。
56,JavaScriptデザインパターン,小林次郎,技術書典,4600,2020,JavaScriptにおけるデザインパターンと実践的なプログラミング手法を学ぶ。
57,デジタルトランスフォーメーション戦略,鈴木美和,ビジネスパートナーズ,5400,2019,組織全体でのデジタルトランスフォーメーション戦略の策定と実行に関するガイド。
58,ネットワークプログラミング実践,田村健太,技術書典,4800,2020,ネットワークプログラミングの基本概念から、実践的なアプリケーション開発までを解説。
59,マーケットセグメンテーション,山本直樹,ビジネスブックス,4000,2021,効果的なマーケットセグメンテーションの手法と市場分析に焦点を当てた入門書。
60,サーバレスアーキテクチャ設計,田中美香,技術出版株式会社,5000,2018,サーバレスなアプリケーションの設計とデプロイに関する手法を解説。
61,人材育成プログラム,高橋直樹,ビジネスパートナーズ,3700,2019,組織内での効果的な人材育成プログラムの構築と実践手法を学ぶ。
62,Python機械学習実践ガイド,西村美和,技術書典,5300,2021,Pythonを使用した機械学習の基本理論から実践的な応用までを解説。
63,金融市場データ分析,堀田太郎,データ出版社,4600,2022,金融市場データの分析手法と取引戦略に焦点を当てた実践ガイド。
64,サイバーセキュリティリーダーシップ,矢田美香,技術出版株式会社,4800,2019,組織全体でのサイバーセキュリティリーダーシップの原則と実践手法を解説。
65,効果的なマーケティングコミュニケーション,小野次郎,ビジネスブックス,4200,2020,ターゲットに向けた効果的なマーケティングコミュニケーション戦略を解説。
66,データエンジニアリング入門,松井あや,技術書典,4900,2021,データエンジニアリングの基本概念と実践的なデータ処理手法を学ぶ。
67,戦略的イノベーションマネジメント,大木徹,ビジネスパートナーズ,5500,2020,企業における戦略的なイノベーションマネジメントの手法と実践例を解説。
68,ソフトウェアアーキテクチャ設計,藤田健一,技術出版株式会社,5100,2019,ソフトウェアアーキテクチャの基本原則と設計手法に焦点を当てた実践的なガイド。
69,投資ポートフォリオ最適化,石井さやか,金融情報出版,4300,2020,リスクとリターンのバランスを考慮した投資ポートフォリオ最適化の手法を解説。
70,マイクロサービスアーキテクチャ実践,森下太郎,技術出版株式会社,5200,2022,マイクロサービスアーキテクチャの実践的な設計と運用に関するガイド。
71,戦略的リーダーシップ,大橋美和,ビジネスブックス,4500,2021,組織戦略とリーダーシップの統合に焦点を当てた戦略的リーダーシップのガイド。
72,データウェアハウス最適化,田口健太,技術書典,4700,2020,データウェアハウスの最適化手法とパフォーマンスチューニングに関する実践的な知識。
73,プログラマのためのアルゴリズム,小山直樹,技術出版株式会社,3800,2019,プログラマ向けの基本的なアルゴリズムとデータ構造に焦点を当てた解説書。
74,デジタル戦略の構築,鈴木花子,ビジネスパートナーズ,5100,2019,デジタル時代におけるビジネス戦略の構築手法と実践例を解説。
75,ネットワークセキュリティベストプラクティス,高田徹,技術書典,4400,2022,ネットワークセキュリティのベストプラクティスと脅威対策に関するガイド。
76,人材評価と報酬戦略,小林美和,ビジネスブックス,4300,2021,組織内での効果的な人材評価と報酬戦略の構築手法を学ぶ。
77,リアクティブプログラミング入門,西野健太,技術出版株式会社,4800,2020,リアクティブなアプリケーション開発の基本理論と実践手法を解説。
78,データサイエンスと医療,大谷花子,データ出版社,5400,2021,医療データの解析とデータサイエンスの応用に焦点を当てた入門書。
79,クラウドアーキテクト設計,佐々木徹,技術書典,5000,2022,クラウドシステムのアーキテクト設計とベストプラクティスに関するガイド。
80,ビジネスエシックス,中川美和,ビジネスパートナーズ,3700,2020,ビジネス環境における倫理とエシックスの基本原則と実践的なガイド。
81,機械学習モデル解釈,高木健太,技術書典,4600,2019,機械学習モデルの解釈手法とモデルの透明性向上に焦点を当てた実践書。
82,セキュアなWeb開発,石崎さやか,技術出版株式会社,4300,2021,セキュアなWebアプリケーションの開発手法とセキュリティ対策に関するガイド。
83,デジタルマーケティング戦略,小野徹,ビジネスブックス,4900,2020,デジタルマーケティング戦略の立案と実行に関する実践的な手法を解説。
84,サーバーサイド開発入門,伊東美香,技術書典,4100,2022,サーバーサイド開発の基本概念から、実践的なアプリケーション開発までを解説。
85,データアーキテクチャ設計,松永直樹,データ出版社,5200,2019,データアーキテクチャの設計と実践的なデータ管理手法を学ぶ。
86,クラウドセキュリティアーキテクチャ,田辺美香,技術出版株式会社,5300,2022,クラウド環境におけるセキュリティアーキテクチャの設計と実践手法を解説。
87,リーダーシップ開発プログラム,小野さやか,ビジネスブックス,4100,2021,リーダーシップスキルの開発とチームビルディングの手法を学ぶ。
88,自然言語処理とテキストマイニング,村上健太,技術書典,4700,2020,自然言語処理とテキストマイニングの基本原則と実践手法を学ぶ。
89,デジタル戦略の実践,渡辺花子,ビジネスパートナーズ,5500,2019,デジタル時代におけるビジネス戦略の実践的な構築と実行に関するガイド。
90,フロントエンド開発ベストプラクティス,石井美和,技術出版株式会社,4800,2020,モダンなフロントエンド開発のベストプラクティスと設計原則に焦点を当てた実践的なガイド。
91,イノベーションマネジメント,佐々木太郎,ビジネスブックス,4300,2021,組織内での効果的なイノベーションマネジメントの手法と実践例を解説。
92,Pythonデータサイエンティスト養成,矢田さやか,技術出版株式会社,5100,2018,Pythonを使用したデータサイエンスの基本から実践までの養成ガイド。
93,金融市場リスク管理,山口健太,データ出版社,4900,2019,金融市場におけるリスク管理の基本原則と実践手法を解説。
94,マーケティングデータ分析,大塚美香,金融情報出版,4200,2020,効果的なマーケティングデータ分析の手法と意思決定への応用に焦点を当てた実践ガイド。
95,サイバーセキュリティリスクマネジメント,小川さやか,技術書典,4600,2022,サイバーセキュリティリスクの評価とマネジメントの手法に焦点を当てたガイド。
96,戦略的マーケティングプラン,松本美和,ビジネスパートナーズ,4700,2021,組織のビジョンと目標に基づく戦略的なマーケティングプランの構築手法を解説。
97,データサイエンスとビッグデータ,石田美香,技術書典,5300,2020,データサイエンスとビッグデータの基本原則から実践までの手法を学ぶ。
98,アジャイル開発プラクティス,吉田花子,技術出版株式会社,4000,2021,アジャイルなソフトウェア開発のプラクティスとスクラムの導入手法を解説。
99,サプライチェーンマネジメント,中村健太,データ出版社,5200,2022,効果的なサプライチェーンマネジメントの原則と実践手法を解説。
100,量子コンピュータ応用,田島美和,技術書典,4900,2020,量子コンピュータの応用領域と実践的な利用事例に焦点を当てたガイド。
101,エンタープライズアーキテクチャ,小林花子,ビジネスパートナーズ,4400,2019,エンタープライズ全体のアーキテクチャ設計と最適化手法に関する実践ガイド。
102,プロジェクトポートフォリオマネジメント,松井直樹,技術出版株式会社,5000,2020,プロジェクトポートフォリオの戦略的なマネジメント手法と実践例を解説。
103,マネジメント情報システム,大木美和,データブックス,4600,2021,組織内でのマネジメント情報システムの設計と運用に焦点を当てたガイド。





